Sample ID	Group	Sex	Treatment	Timepoint (days)	Collection_Date	Sample_Source	i7_Index_Sequence	i5_Index_Sequence	Adaptor_Name	Index_Kit
young_fs_50	young	Female	saline	2	10/24/24	Brain	TAACGCGTGA	GAAGTTAGGG	SI-TT-A6	10x Chromium Dual Index Kit TT Set A PN1000215
young_fs_54	young	Female	saline	2	10/24/24	Brain	AATGCCATGA	GCATTACGTA	SI-TT-B6	10x Chromium Dual Index Kit TT Set A PN1000215
Young_fs_59	young	Female	saline	2	10/24/24	Brain	ACGACTACCA	TTAGGGTCGT	SI-TT-C6	10x Chromium Dual Index Kit TT Set A PN1000215
young_fe_73	young	Female	ecoli	2	10/24/24	Brain	CCCAGCTTCT	GTTTGGTGTC	SI-TT-D6	10x Chromium Dual Index Kit TT Set A PN1000215
young_fe_78	young	Female	ecoli	2	10/24/24	Brain	TTGAGAGTCA	CTACCAGGTT	SI-TT-E6	10x Chromium Dual Index Kit TT Set A PN1000215
young_fe_83	young	Female	ecoli	2	10/24/24	Brain	GCCTTCGGTA	AAATCGTTGG	SI-TT-B7	10x Chromium Dual Index Kit TT Set A PN1000215
old_fs_143	old	Female	saline	2	10/24/24	Brain	CGCGCACTTA	AGAATACAGG	SI-TT-C7	10x Chromium Dual Index Kit TT Set A PN1000215
old_fs_148	old	Female	saline	2	10/24/24	Brain	TTGCCCGTGC	AATCTCACGC	SI-TT-F6	10x Chromium Dual Index Kit TT Set A PN1000215
old_fs_153	old	Female	saline	2	10/24/24	Brain	GCGGGTAAGT	CTTAGTGCTA	SI-TT-G6	10x Chromium Dual Index Kit TT Set A PN1000215
old_fe_168	old	Female	ecoli	2	10/24/24	Brain	CCTATCCTCG	GTTAGTATTC	SI-TT-H6	10x Chromium Dual Index Kit TT Set A PN1000215
old_fe_173	old	Female	ecoli	2	10/24/24	Brain	TCCCAAGGGT	AAAGGTAGTA	SI-TT-A7	10x Chromium Dual Index Kit TT Set A PN1000215
old_fe_178	old	Female	ecoli	2	10/24/24	Brain	CCTGTCAGGG	GTTACGGGCT	SI-TT-D7	10x Chromium Dual Index Kit TT Set A PN1000215
young_ms_1	young	Male	saline	2	10/25/24	Brain	GTCCTTCGGC	CTGTGCATGA	SI-TT-E7	10x Chromium Dual Index Kit TT Set A PN1000215
young_ms_6	young	Male	saline	2	10/25/24	Brain	AATGTATCCA	TAAGCTCATT	SI-TT-F7	10x Chromium Dual Index Kit TT Set A PN1000215
young_ms_11	young	Male	saline	2	10/25/24	Brain	GTTTCACGAT	TTTGGCCGAA	SI-TT-G7	10x Chromium Dual Index Kit TT Set A PN1000215
young_me_25	young	Male	ecoli	2	10/25/24	Brain	ACCTCGAGCT	ATCGAACACA	SI-TT-H7	10x Chromium Dual Index Kit TT Set A PN1000215
young_me_30	young	Male	ecoli	2	10/25/24	Brain	CGAAGTATAC	CTCCAAGTTC	SI-TT-A8	10x Chromium Dual Index Kit TT Set A PN1000215
young_me_35	young	Male	ecoli	2	10/25/24	Brain	GCACTGAGAA	TTCACGCATA	SI-TT-B8	10x Chromium Dual Index Kit TT Set A PN1000215
old_ms_97	old	Male	saline	2	10/25/24	Brain	GCTACAAAGC	AGGGCACGTG	SI-TT-C8	10x Chromium Dual Index Kit TT Set A PN1000215
old_ms_103	old	Male	saline	2	10/25/24	Brain	CGCTGAAATC	GCAGACACCT	SI-TT-D8	10x Chromium Dual Index Kit TT Set A PN1000215
old_ms_107	old	Male	saline	2	10/25/24	Brain	TATCAGCCTA	AGGACGAAAC	SI-TT-C9	10x Chromium Dual Index Kit TT Set A PN1000215
old_me_120	old	Male	ecoli	2	10/25/24	Brain	TGGTCCCAAG	ACGCCAGAGG	SI-TT-D9	10x Chromium Dual Index Kit TT Set A PN1000215
old_me_123	old	Male	ecoli	2	10/25/24	Brain	TGTCCCAACG	TGGACATCGA	SI-TT-E9	10x Chromium Dual Index Kit TT Set A PN1000215
old_me_128	old	Male	ecoli	2	10/25/24	Brain	GTCCCATCAA	GTCACGTTCG	SI-TT-F9	10x Chromium Dual Index Kit TT Set A PN1000215
young_fs_61	young	Female	saline	21	11/12/24	Brain	CCGGAGGAAG	AACATCCGCA	SI-TT-G9	10x Chromium Dual Index Kit TT Set A PN1000215
young_fs_66	young	Female	saline	21	11/12/24	Brain	AGAACTTAGA	AAAGGACTCG	SI-TT-H9	10x Chromium Dual Index Kit TT Set A PN1000215
young_fs_71	young	Female	saline	21	11/12/24	Brain	CGTGACATGC	TTTAGACCAT	SI-TT-A10	10x Chromium Dual Index Kit TT Set A PN1000215
young_fe_85	young	Female	ecoli	21	11/12/24	Brain	GCCCGATGGA	CTAGACGATT	SI-TT-B10	10x Chromium Dual Index Kit TT Set A PN1000215
young_fe_90	young	Female	ecoli	21	11/12/24	Brain	AGAATGGTTT	TCCCACCCTC	SI-TT-C10	10x Chromium Dual Index Kit TT Set A PN1000215
young_fe_95	young	Female	ecoli	21	11/12/24	Brain	ATGCGAATGG	CGACACTTGT	SI-TT-D10	10x Chromium Dual Index Kit TT Set A PN1000215
old_fs_155	old	Female	saline	21	11/12/24	Brain	TCCGGGACAA	TGGCATTCAC	SI-TT-E11	10x Chromium Dual Index Kit TT Set A PN1000215
old_fs_160	old	Female	saline	21	11/12/24	Brain	TTCACACCTT	GTGTACACTA	SI-TT-F11	10x Chromium Dual Index Kit TT Set A PN1000215
old_fs_164	old	Female	saline	21	11/12/24	Brain	GATAACCTGC	GTTTCTAATG	SI-TT-G11	10x Chromium Dual Index Kit TT Set A PN1000215
old_fe_180	old	Female	ecoli	21	11/12/24	Brain	ACAATCGATC	CATTCCGTCA	SI-TT-H11	10x Chromium Dual Index Kit TT Set A PN1000215
old_fe_183	old	Female	ecoli	21	11/12/24	Brain	CACCGCACCA	ATTGACAGTC	SI-TT-A12	10x Chromium Dual Index Kit TT Set A PN1000215
old_fe_187	old	Female	ecoli	21	11/12/24	Brain	CGTCAAGGGC	GAGTGACCTA	SI-TT-B12	10x Chromium Dual Index Kit TT Set A PN1000215
young_ms_13	young	Male	saline	21	11/13/24	Brain	TCGTCAAGAT	CCTGAGTTGC	SI-TT-C12	10x Chromium Dual Index Kit TT Set A PN1000215
young_ms_18	young	Male	saline	21	11/13/24	Brain	GAATTGGTTA	CTACTAGAGT	SI-TT-D12	10x Chromium Dual Index Kit TT Set A PN1000215
young_ms_23	young	Male	saline	21	11/13/24	Brain	CGTCCACCTG	GTCATGAATG	SI-TT-E12	10x Chromium Dual Index Kit TT Set A PN1000215
young_me_37	young	Male	ecoli	21	11/13/24	Brain	GAGACGCACG	ATGTTCATAG	SI-TT-F12	10x Chromium Dual Index Kit TT Set A PN1000215
young_me_42	young	Male	ecoli	21	11/13/24	Brain	CTTGCATAAA	AAGCCCTGAT	SI-TT-G12	10x Chromium Dual Index Kit TT Set A PN1000215
young_me_47	young	Male	ecoli	21	11/13/24	Brain	TGATGATTCA	CGACTCCTAC	SI-TT-H12	10x Chromium Dual Index Kit TT Set A PN1000215
old_ms_110	old	Male	saline	21	11/13/24	Brain	AAGGGCCGCA	GAGGAATCAG	SI-TT-F2	10x Chromium Dual Index Kit TT Set A PN1000215
old_ms_113	old	Male	saline	21	11/13/24	Brain	CATGTGGGTT	TAAAGGAATC	SI-TT-G2	10x Chromium Dual Index Kit TT Set A PN1000215
old_ms_116	old	Male	saline	21	11/13/24	Brain	TAGCATAGTG	GACAGAGCCG	SI-TT-H2	10x Chromium Dual Index Kit TT Set A PN1000215
old_me_133	old	Male	ecoli	21	11/13/24	Brain	CACTACGAAA	ATCAGTCTAA	SI-TT-A3	10x Chromium Dual Index Kit TT Set A PN1000215
old_me_139	old	Male	ecoli	21	11/13/24	Brain	CACGGTGAAT	TGTGACGAAC	SI-TT-B3	10x Chromium Dual Index Kit TT Set A PN1000215
old_me_142	old	Male	ecoli	21	11/13/24	Brain	ATGGCTTGTG	CACAACATTC	SI-TT-C3	10x Chromium Dual Index Kit TT Set A PN1000215
